City_ID,City,Country,Date,Lat,Lng,Max Temp,Humidity,Cloudiness,Wind Speed
0,Avarua,CK,2022-08-05 03:55:22,-21.2078,-159.775,75.25,78,20,18.41
1,Jamestown,US,2022-08-05 03:43:06,42.097,-79.2353,74.01,73,0,5.75
2,Yellowknife,CA,2022-08-05 03:45:44,62.456,-114.3525,61.32,67,75,3.44
3,Saint-Pierre,RE,2022-08-05 03:49:21,-21.3393,55.4781,67.91,71,0,5.75
4,Busselton,AU,2022-08-05 03:55:23,-33.65,115.3333,55.51,65,100,5.39
5,Saskylakh,RU,2022-08-05 03:49:21,71.9167,114.0833,62.94,54,85,9.1
6,Richards Bay,ZA,2022-08-05 03:48:15,-28.783,32.0377,62.33,90,26,6.46
7,Raga,SS,2022-08-05 03:55:23,8.4596,25.678,68.61,96,97,4.27
8,Kitakata,JP,2022-08-05 03:55:23,37.65,139.8667,81.99,68,87,4.23
9,Plettenberg Bay,ZA,2022-08-05 03:55:24,-34.0527,23.3716,54.1,88,16,0.38
10,Miyako,JP,2022-08-05 03:55:24,39.6367,141.9525,71.17,73,94,6.89
11,Takanabe,JP,2022-08-05 03:55:25,32.1333,131.5,87.69,66,9,9.42
12,Nouadhibou,MR,2022-08-05 03:51:55,20.931,-17.0347,73.38,83,73,6.91
13,North Bend,US,2022-08-05 03:55:25,43.4065,-124.2243,63.16,85,0,23.02
14,Zhaoqing,CN,2022-08-05 03:55:25,23.0512,112.4597,81.82,87,91,4.85
15,Te Anau,NZ,2022-08-05 03:55:26,-45.4167,167.7167,50.99,89,100,11.72
16,Pucallpa,PE,2022-08-05 03:55:26,-8.3791,-74.5539,77.04,88,75,4.61
17,Vanavara,RU,2022-08-05 03:51:56,60.34,102.2797,60.06,75,86,1.57
18,Hobart,AU,2022-08-05 03:55:27,-42.8794,147.3294,55.26,80,75,9.22
19,Hermanus,ZA,2022-08-05 03:55:27,-34.4187,19.2345,43.81,78,19,8.14
20,Bengkulu,ID,2022-08-05 03:50:47,-3.8004,102.2655,82.89,65,99,2.21
21,Zhireken,RU,2022-08-05 03:55:27,52.8249,117.3076,73.65,40,0,10.87
22,Rocha,UY,2022-08-05 03:46:27,-34.4833,-54.3333,47.32,86,100,12.91
23,Mount Gambier,AU,2022-08-05 03:48:06,-37.8333,140.7667,56.05,68,48,9.66
24,Arraial Do Cabo,BR,2022-08-05 03:48:05,-22.9661,-42.0278,70.68,86,57,22.44
25,Guerrero Negro,MX,2022-08-05 03:55:28,27.9769,-114.0611,70.57,86,0,16.44
26,Caravelas,BR,2022-08-05 03:55:29,-17.7125,-39.2481,68.18,89,52,5.01
27,Scarborough,GB,2022-08-05 03:55:29,54.2797,-0.4044,53.17,77,100,3.0
28,Oranjestad,AW,2022-08-05 03:55:29,12.524,-70.027,82.35,78,20,19.57
29,Meiganga,CM,2022-08-05 03:55:30,6.5167,14.3,64.69,96,100,1.14
30,La Ronge,CA,2022-08-05 03:55:30,55.1001,-105.2842,59.25,72,100,17.27
31,Cascais,PT,2022-08-05 03:55:30,38.6979,-9.4215,68.47,72,79,7.0
32,Kuminskiy,RU,2022-08-05 03:55:31,58.6667,66.5667,70.97,55,10,4.03
33,Port Lincoln,AU,2022-08-05 03:55:31,-34.7333,135.8667,57.22,67,9,23.35
34,Port Alfred,ZA,2022-08-05 03:55:31,-33.5906,26.891,55.18,91,95,4.83
35,Ayan,RU,2022-08-05 03:55:32,56.45,138.1667,56.01,98,100,13.27
36,Tiksi,RU,2022-08-05 03:42:19,71.6872,128.8694,46.27,78,53,5.41
37,Goure,NE,2022-08-05 03:55:32,13.9835,10.2704,77.02,66,71,8.63
38,Dawei,MM,2022-08-05 03:55:33,14.0833,98.2,78.44,92,100,7.14
39,Panaba,MX,2022-08-05 03:55:33,21.2833,-88.2667,75.78,76,97,7.49
40,Kavieng,PG,2022-08-05 03:51:53,-2.5744,150.7967,83.71,73,100,8.95
41,Puerto Ayora,EC,2022-08-05 03:55:33,-0.7393,-90.3518,65.55,89,49,5.5
42,Georgetown,MY,2022-08-05 03:47:38,5.4112,100.3354,87.89,71,20,5.99
43,Punta Arenas,CL,2022-08-05 03:55:34,-53.15,-70.9167,37.51,87,75,6.91
44,Ust-Kuyga,RU,2022-08-05 03:55:34,70.0167,135.6,60.26,39,70,1.81
45,New Norfolk,AU,2022-08-05 03:55:35,-42.7826,147.0587,54.91,70,100,1.99
46,Ponta Delgada,PT,2022-08-05 03:55:35,37.7333,-25.6667,74.12,94,75,6.91
47,Carnarvon,AU,2022-08-05 03:46:56,-24.8667,113.6333,65.21,44,0,12.5
48,Isangel,VU,2022-08-05 03:50:40,-19.55,169.2667,84.31,70,20,5.75
49,Buchanan,LR,2022-08-05 03:56:36,5.8808,-10.0467,74.41,83,81,6.42
50,Qaanaaq,GL,2022-08-05 03:56:36,77.484,-69.3632,40.46,58,0,5.23
51,Kapaa,US,2022-08-05 03:56:37,22.0752,-159.319,79.12,80,13,3.0
52,Ushuaia,AR,2022-08-05 03:56:37,-54.8,-68.3,37.06,81,100,2.3
53,Coihaique,CL,2022-08-05 03:56:37,-45.5752,-72.0662,30.81,86,0,3.44
54,Daru,PG,2022-08-05 03:56:38,-9.0763,143.2092,80.69,87,41,15.3
55,Atuona,PF,2022-08-05 03:56:38,-9.8,-139.0333,77.4,77,17,19.71
56,Carutapera,BR,2022-08-05 03:56:38,-1.195,-46.02,74.21,94,100,6.6
57,Tornio,FI,2022-08-05 03:56:39,65.8481,24.1466,62.62,89,100,14.67
58,Acapulco,MX,2022-08-05 03:46:09,16.8634,-99.8901,80.15,82,39,2.42
59,Butaritari,KI,2022-08-05 03:56:39,3.0707,172.7902,82.06,73,22,10.58
60,Cherskiy,RU,2022-08-05 03:47:00,68.75,161.3,51.3,54,100,14.5
61,Zverinogolovskoye,RU,2022-08-05 03:56:40,54.4586,64.8542,71.47,62,2,6.06
62,Pandan,PH,2022-08-05 03:56:40,14.0453,124.1694,78.62,88,100,3.0
63,Tuatapere,NZ,2022-08-05 03:50:48,-46.1333,167.6833,53.47,80,100,19.13
64,Constitucion,CL,2022-08-05 03:55:57,-35.3333,-72.4167,49.6,84,100,5.21
65,Leamington,CA,2022-08-05 03:56:41,42.0549,-82.6062,77.07,100,97,5.99
66,Nikolskoye,RU,2022-08-05 03:46:56,59.7035,30.7861,68.79,67,15,3.74
67,Vallenar,CL,2022-08-05 03:49:32,-28.5708,-70.7581,60.8,36,53,1.14
68,Neiafu,TO,2022-08-05 03:56:41,-18.65,-173.9833,79.48,69,75,9.22
69,Port Elizabeth,ZA,2022-08-05 03:56:42,-33.918,25.5701,50.31,92,0,5.75
70,Turukhansk,RU,2022-08-05 03:56:42,65.8167,87.9833,68.5,45,70,3.24
71,Dikson,RU,2022-08-05 03:48:11,73.5069,80.5464,41.56,99,100,10.89
72,Show Low,US,2022-08-05 03:56:43,34.2542,-110.0298,68.0,66,13,7.72
73,Codrington,AU,2022-08-05 03:48:04,-38.2667,141.9667,57.54,60,84,11.01
74,Coxim,BR,2022-08-05 03:53:18,-18.5067,-54.76,75.27,32,13,0.47
75,Vaini,TO,2022-08-05 03:56:43,-21.2,-175.2,78.96,89,75,9.22
76,Juneau,US,2022-08-05 03:56:44,58.3019,-134.4197,62.1,96,100,0.76
77,Bambous Virieux,MU,2022-08-05 03:56:44,-20.3428,57.7575,70.05,68,40,11.5
78,Bluff,NZ,2022-08-05 03:56:44,-46.6,168.3333,57.79,62,100,22.24
79,Rikitea,PF,2022-08-05 03:56:45,-23.1203,-134.9692,70.47,73,93,23.22
80,Tiznit,MA,2022-08-05 03:46:55,29.5833,-9.5,80.89,27,51,0.98
81,Burdur,TR,2022-08-05 03:56:45,37.7203,30.2908,70.5,64,0,10.36
82,Sakakah,SA,2022-08-05 03:51:57,29.9697,40.2064,92.77,27,4,3.78
83,Schoten,BE,2022-08-05 03:56:45,51.2525,4.5027,65.95,76,20,5.75
84,Fortuna,US,2022-08-05 03:56:46,40.5982,-124.1573,60.93,84,4,1.99
85,Tucuma,BR,2022-08-05 03:56:46,-0.1833,-50.05,75.06,91,15,6.2
86,Avera,US,2022-08-05 03:55:44,33.194,-82.5271,80.55,77,51,6.38
87,Nyurba,RU,2022-08-05 03:56:47,63.2842,118.3319,47.88,97,100,6.31
88,Mataura,NZ,2022-08-05 03:47:01,-46.1927,168.8643,57.47,64,100,6.67
89,Puerto Escondido,MX,2022-08-05 03:56:47,15.85,-97.0667,79.02,86,59,8.12
90,Namibe,AO,2022-08-05 03:48:27,-15.1961,12.1522,60.3,78,0,5.7
91,Tura,IN,2022-08-05 03:49:21,25.5198,90.2201,85.46,71,67,4.18
92,Norman Wells,CA,2022-08-05 03:48:08,65.282,-126.8329,73.44,43,20,5.75
93,Barrow,US,2022-08-05 03:56:11,71.2906,-156.7887,47.57,84,93,4.72
94,Chuy,UY,2022-08-05 03:48:12,-33.6971,-53.4616,49.89,91,100,12.46
95,Bonthe,SL,2022-08-05 03:49:31,7.5264,-12.505,75.83,87,100,9.48
96,Khatanga,RU,2022-08-05 03:57:48,71.9667,102.5,58.87,65,100,3.94
97,Urambo,TZ,2022-08-05 03:57:49,-5.0667,32.05,61.81,62,48,5.28
98,Hilo,US,2022-08-05 03:45:02,19.7297,-155.09,81.28,82,20,9.22
99,Sorland,NO,2022-08-05 03:57:49,67.667,12.6934,51.66,79,100,23.85
100,Dwarka,IN,2022-08-05 03:57:50,22.2394,68.9678,82.2,78,100,6.58
101,Hithadhoo,MV,2022-08-05 03:57:50,-0.6,73.0833,81.34,67,96,8.72
102,Tasiilaq,GL,2022-08-05 03:48:04,65.6145,-37.6368,41.16,83,100,3.11
103,Talnakh,RU,2022-08-05 03:57:50,69.4865,88.3972,69.21,47,100,6.69
104,Da Nang,VN,2022-08-05 03:55:54,16.0678,108.2208,93.18,52,20,4.61
105,Todos Santos,MX,2022-08-05 03:57:51,23.45,-110.2167,80.04,90,18,4.32
106,Victoria,HK,2022-08-05 03:56:55,22.2855,114.1577,88.25,87,98,11.01
107,Turochak,RU,2022-08-05 03:57:52,52.2576,87.1224,67.68,48,4,2.59
108,Cabo San Lucas,MX,2022-08-05 03:57:52,22.8909,-109.9124,86.5,67,39,1.01
109,Pemangkat,ID,2022-08-05 03:57:52,1.1667,108.9667,76.17,89,100,8.21
110,Nishihara,JP,2022-08-05 03:57:53,26.1842,127.7558,87.08,74,75,6.91
111,Broome,US,2022-08-05 03:57:53,42.2506,-75.833,71.2,96,20,4.0
112,Yaan,NG,2022-08-05 03:57:53,7.3833,8.5667,69.49,91,99,4.7
113,Cape Town,ZA,2022-08-05 03:55:33,-33.9258,18.4232,55.11,88,75,10.36
114,Souillac,MU,2022-08-05 03:48:09,-20.5167,57.5167,70.18,68,40,11.5
115,Abadan,IR,2022-08-05 03:57:54,30.3392,48.3043,91.35,31,0,4.61
116,Paijan,PE,2022-08-05 03:57:54,-7.7333,-79.3022,60.03,87,33,8.01
117,Brigham City,US,2022-08-05 03:57:55,41.5102,-112.0155,82.56,39,0,8.99
118,Bayir,TR,2022-08-05 03:57:55,37.2687,28.2167,64.92,61,0,3.58
119,Castro,BR,2022-08-05 03:49:27,-24.7911,-50.0119,64.53,56,98,6.58
120,Padang,ID,2022-08-05 03:48:15,-0.9492,100.3543,84.25,71,100,1.1
121,Nam Som,TH,2022-08-05 03:57:56,17.7704,102.1895,86.09,73,100,6.73
122,Kem,RU,2022-08-05 03:57:56,64.9555,34.5793,63.99,80,96,9.55
123,Quatre Cocos,MU,2022-08-05 03:57:56,-20.2078,57.7625,69.91,75,66,17.13
124,Fomboni,KM,2022-08-05 03:57:57,-12.28,43.7425,75.65,69,63,10.71
125,Narsaq,GL,2022-08-05 03:57:57,60.9167,-46.05,45.32,85,100,0.74
126,Buncrana,IE,2022-08-05 03:57:58,55.1333,-7.45,49.57,90,65,7.43
127,Iqaluit,CA,2022-08-05 03:57:58,63.7506,-68.5145,40.73,93,100,4.61
128,Pacific Grove,US,2022-08-05 03:57:58,36.6177,-121.9166,64.2,87,87,1.01
129,Lagoa,PT,2022-08-05 03:47:13,39.05,-27.9833,73.98,83,0,3.29
130,Senanga,ZM,2022-08-05 03:57:59,-16.1167,23.2667,56.84,53,0,6.38
131,Longyearbyen,SJ,2022-08-05 03:51:59,78.2186,15.6401,45.66,98,100,0.38
132,Kodiak,US,2022-08-05 03:43:41,57.79,-152.4072,58.51,77,100,10.36
133,Acajutla,SV,2022-08-05 03:57:59,13.5928,-89.8275,78.85,83,100,4.09
134,Berlevag,NO,2022-08-05 03:58:00,70.8578,29.0864,57.15,82,43,3.44
135,Nelson Bay,AU,2022-08-05 03:57:06,-32.7167,152.15,70.0,95,100,3.0
136,Bredasdorp,ZA,2022-08-05 03:59:00,-34.5322,20.0403,47.28,84,28,5.48
137,Pangody,RU,2022-08-05 03:59:01,65.85,74.4859,67.33,59,24,10.0
138,Roma,US,2022-08-05 03:59:01,43.2128,-75.4557,71.73,97,100,2.17
139,Mahebourg,MU,2022-08-05 03:59:01,-20.4081,57.7,70.09,68,40,11.5
140,Luanda,AO,2022-08-05 03:59:02,-8.8368,13.2343,68.0,83,75,5.75
141,Rockhampton,AU,2022-08-05 03:59:02,-23.3833,150.5,76.89,61,40,6.91
142,Gaoua,BF,2022-08-05 03:59:02,10.2992,-3.2508,70.45,94,83,2.53
143,Mar Del Plata,AR,2022-08-05 03:55:03,-38.0023,-57.5575,39.94,90,5,1.99
144,Bay Roberts,CA,2022-08-05 03:59:03,47.5999,-53.2648,64.33,95,91,5.01
145,Saint George,US,2022-08-05 03:47:28,37.1041,-113.5841,79.39,72,0,10.36
146,Siderno,IT,2022-08-05 03:59:03,38.2779,16.302,76.33,61,0,6.6
147,Coquimbo,CL,2022-08-05 03:52:01,-29.9533,-71.3436,51.53,87,0,4.61
148,Saint-Philippe,RE,2022-08-05 03:50:34,-21.3585,55.7679,66.22,73,36,12.46
149,Kaitangata,NZ,2022-08-05 03:59:04,-46.2817,169.8464,55.63,65,100,7.31
150,Arlit,NE,2022-08-05 03:59:05,18.7369,7.3853,87.96,45,14,6.8
151,Los Llanos De Aridane,ES,2022-08-05 03:59:05,28.6585,-17.9182,69.55,68,100,14.97
152,Nanortalik,GL,2022-08-05 03:59:06,60.1432,-45.2371,44.94,88,100,5.01
153,Bethel,US,2022-08-05 03:59:06,41.3712,-73.414,77.68,88,79,2.51
154,Kailua,US,2022-08-05 03:59:06,21.4022,-157.7394,84.02,74,6,3.0
155,Albany,US,2022-08-05 03:56:08,42.6001,-73.9662,70.88,94,99,2.77
156,Ashland,US,2022-08-05 03:59:07,40.8167,-82.2665,73.27,90,99,4.47
157,Nagato,JP,2022-08-05 03:59:07,34.3833,131.2,86.13,71,3,14.94
158,Laguna,US,2022-08-05 03:59:07,38.421,-121.4238,83.61,50,0,11.5
159,Lebu,CL,2022-08-05 03:59:08,-37.6167,-73.65,46.96,90,100,10.45
160,Fereydun Kenar,IR,2022-08-05 03:59:08,36.6864,52.5225,83.12,61,0,7.74
161,Asau,RO,2022-08-05 03:59:08,46.4333,26.4,63.52,78,0,3.96
162,Karlovo,BG,2022-08-05 03:59:09,42.6333,24.8,58.41,57,5,1.74
163,Adrar,MR,2022-08-05 03:59:09,20.5022,-10.0711,87.48,40,39,11.34
164,Amahai,ID,2022-08-05 03:59:09,-3.3333,128.9167,82.2,75,45,5.08
165,La Asuncion,VE,2022-08-05 03:59:10,11.0333,-63.8628,76.73,94,96,6.91
166,Kemi,FI,2022-08-05 03:59:10,65.8596,24.8228,62.37,88,40,6.91
167,Yerbogachen,RU,2022-08-05 03:59:11,61.2767,108.0108,59.11,78,100,6.44
168,Alofi,NU,2022-08-05 03:59:11,-19.0595,-169.9187,78.69,73,75,13.8
169,Pevek,RU,2022-08-05 03:59:11,69.7008,170.3133,37.83,90,100,4.99
170,Maumere,ID,2022-08-05 03:59:12,-8.6199,122.2111,81.41,62,15,6.24
171,Bathsheba,BB,2022-08-05 03:59:12,13.2167,-59.5167,83.01,88,20,19.57
172,Nganjuk,ID,2022-08-05 03:59:12,-7.6051,111.9035,87.91,44,5,8.48
173,Makakilo City,US,2022-08-05 03:52:00,21.3469,-158.0858,82.72,65,100,10.36
174,Fort Morgan,US,2022-08-05 03:59:13,40.2503,-103.8,81.25,47,0,20.65
175,Oudtshoorn,ZA,2022-08-05 03:59:13,-33.5907,22.2014,43.16,82,0,2.48
176,Lerwick,GB,2022-08-05 03:52:03,60.1545,-1.1494,51.8,78,11,10.49
177,Cidreira,BR,2022-08-05 03:51:56,-30.1811,-50.2056,57.88,89,92,20.15
178,Hambantota,LK,2022-08-05 03:50:45,6.1241,81.1185,84.54,74,20,13.8
179,Skoghall,SE,2022-08-05 03:59:14,59.3232,13.4655,50.56,87,100,4.61
180,Chapais,CA,2022-08-05 03:59:14,49.7834,-74.8492,53.38,73,3,3.06
181,Paso De Patria,AR,2022-08-05 04:00:15,-27.2454,-58.5454,51.08,94,0,5.68
182,Airai,TL,2022-08-05 04:00:15,-8.9266,125.4092,75.45,46,83,3.0
183,Ketchikan,US,2022-08-05 04:00:16,55.3422,-131.6461,59.59,85,24,3.89
184,Fuquay-Varina,US,2022-08-05 04:00:18,35.5843,-78.8,82.63,78,90,1.99
185,Hami,CN,2022-08-05 04:00:18,42.8,93.45,94.62,21,100,12.88
186,Olinda,BR,2022-08-05 03:49:39,-8.0089,-34.8553,76.73,73,40,9.22
187,Moen,NO,2022-08-05 04:00:19,69.1304,18.6123,50.72,93,75,0.0
188,Krasnoselkup,RU,2022-08-05 04:00:19,65.7,82.4667,68.45,59,100,12.08
189,Mus,TR,2022-08-05 04:00:20,39.0,41.75,74.01,37,0,5.08
190,Mikuni,JP,2022-08-05 04:00:20,36.2171,136.1519,83.3,74,67,9.31
191,Zhigalovo,RU,2022-08-05 04:00:21,54.8097,105.1578,64.8,56,87,11.01
192,Timmins,CA,2022-08-05 03:56:27,48.4669,-81.3331,51.62,93,0,2.3
193,Abha,SA,2022-08-05 04:00:22,18.2164,42.5053,62.33,72,99,3.22
194,Pestyaki,RU,2022-08-05 04:00:22,56.7103,42.6717,69.58,69,29,2.8
195,Port Macquarie,AU,2022-08-05 03:57:12,-31.4333,152.9167,65.89,75,100,7.65
196,Neuquen,AR,2022-08-05 03:59:55,-38.9516,-68.0591,37.29,70,0,3.44
197,Melfort,CA,2022-08-05 04:00:23,52.8667,-104.6177,62.49,83,59,16.55
198,Ararat,AM,2022-08-05 03:55:46,39.8317,44.7049,77.34,41,1,1.14
199,Sitka,US,2022-08-05 04:00:23,57.0531,-135.33,59.59,90,91,3.4
200,Curaca,BR,2022-08-05 04:00:24,-8.9903,-39.9094,69.71,82,33,14.65
201,Ilulissat,GL,2022-08-05 04:00:24,69.2167,-51.1,46.42,87,100,8.05
202,Maraba,BR,2022-08-05 04:00:24,-5.3686,-49.1178,75.34,69,40,1.68
203,Kalmunai,LK,2022-08-05 04:00:25,7.4167,81.8167,85.39,57,99,10.85
204,Ivolginsk,RU,2022-08-05 04:00:25,51.7492,107.2837,65.86,77,75,8.95
205,Santa Cruz,BO,2022-08-05 03:59:59,-17.8,-63.1667,71.06,43,75,18.41
206,Warri,NG,2022-08-05 04:00:20,5.5167,5.75,72.25,85,100,4.14
207,Gigmoto,PH,2022-08-05 04:00:26,13.7796,124.39,78.31,91,100,3.96
208,Flinders,AU,2022-08-05 03:53:12,-34.5833,150.8552,74.17,41,0,11.99
209,Natal,BR,2022-08-05 03:58:05,-5.795,-35.2094,75.42,94,40,6.91
210,Alta Floresta,BR,2022-08-05 04:00:27,-9.8756,-56.0861,77.16,43,90,1.99
211,San Andres,CO,2022-08-05 04:00:27,12.5847,-81.7006,78.15,85,100,14.61
212,Geraldton,AU,2022-08-05 03:53:06,-28.7667,114.6,63.01,67,95,2.3
213,Luderitz,NA,2022-08-05 03:59:40,-26.6481,15.1594,55.92,73,51,7.58
214,Launceston,AU,2022-08-05 04:00:28,-41.45,147.1667,56.84,82,75,21.85
215,Sharan,RU,2022-08-05 04:00:28,54.8167,54.0,70.2,61,3,3.78
216,Camacha,PT,2022-08-05 04:00:29,33.0833,-16.3333,67.42,83,75,9.22
217,Barentu,ER,2022-08-05 04:00:29,15.1139,37.5928,69.82,88,100,7.23
218,Tan An,VN,2022-08-05 04:00:30,10.5333,106.4167,86.02,69,100,11.48
219,Ganzhou,CN,2022-08-05 04:00:30,28.8184,115.4327,93.6,49,55,11.65
220,Ahuacatlan,MX,2022-08-05 04:00:30,21.05,-104.4833,69.76,98,100,4.34
221,Provideniya,RU,2022-08-05 04:00:31,64.3833,-173.3,48.31,100,100,6.71
222,Salalah,OM,2022-08-05 04:00:31,17.0151,54.0924,78.94,87,81,7.45
223,Thompson,CA,2022-08-05 04:00:32,55.7435,-97.8558,56.17,52,100,5.3
224,Araguaina,BR,2022-08-05 04:00:32,-7.1911,-48.2072,79.83,46,70,4.94
225,Sobolevo,RU,2022-08-05 04:00:32,54.4299,31.8996,64.27,89,10,6.33
226,Dunedin,NZ,2022-08-05 04:00:33,-45.8742,170.5036,60.8,40,100,4.0
227,Siyabuswa,ZA,2022-08-05 04:00:33,-25.1132,29.0445,55.69,55,0,1.86
228,Praya,CV,2022-08-05 04:00:34,14.9215,-23.5087,76.48,83,95,5.55
229,San Juan De Uraba,CO,2022-08-05 04:00:34,8.7592,-76.5297,76.33,92,96,5.82
230,Fukue,JP,2022-08-05 04:01:35,32.6881,128.8419,91.76,66,75,8.05
231,Lere,NG,2022-08-05 04:01:35,10.387,8.5726,64.62,95,39,4.18
232,Byron Bay,AU,2022-08-05 04:01:35,-28.65,153.6167,69.94,69,9,10.0
233,Upernavik,GL,2022-08-05 04:01:36,72.7868,-56.1549,42.73,97,100,14.58
234,Bitung,ID,2022-08-05 04:01:37,1.4451,125.1824,84.25,70,100,9.53
235,Barra Do Garcas,BR,2022-08-05 04:01:37,-15.89,-52.2567,70.95,39,3,1.57
236,Qaqortoq,GL,2022-08-05 04:01:38,60.7167,-46.0333,45.61,88,100,2.68
237,Maarianhamina,AX,2022-08-05 04:01:39,60.0973,19.9348,69.66,78,0,9.22
238,Anloga,GH,2022-08-05 04:01:39,5.7947,0.8973,74.12,79,95,6.26
239,Erenhot,CN,2022-08-05 04:01:40,43.6475,111.9767,80.64,38,37,2.33
240,Khasan,RU,2022-08-05 04:01:40,42.4308,130.6434,77.56,87,100,9.01
241,Yulara,AU,2022-08-05 04:01:40,-25.2406,130.9889,64.76,26,0,11.56
242,Baruun-Urt,MN,2022-08-05 04:01:41,46.6806,113.2792,79.09,38,3,12.15
243,Moussoro,TD,2022-08-05 04:01:41,13.6408,16.4901,79.2,69,100,10.22
244,Oranjemund,NA,2022-08-05 04:01:41,-28.55,16.4333,51.01,87,7,6.89
245,Torbay,CA,2022-08-05 04:01:42,47.6666,-52.7314,63.57,88,98,5.01
246,Faya,SA,2022-08-05 04:01:42,18.3851,42.4509,63.03,72,96,0.43
247,Tanout,NE,2022-08-05 04:01:43,14.9709,8.8879,80.67,59,34,9.62
248,Tondano,ID,2022-08-05 04:01:43,1.3038,124.9112,79.84,62,99,3.53
249,Qadian,IN,2022-08-05 04:01:44,31.8178,75.3919,84.31,76,61,9.1
250,Motatei,RO,2022-08-05 04:01:45,44.0833,23.2,68.02,51,7,3.47
251,Saint-Quentin,FR,2022-08-05 04:01:45,49.8333,3.3333,59.09,92,100,4.99
252,Clyde River,CA,2022-08-05 04:01:46,70.4692,-68.5914,37.27,95,99,4.05
253,Portland,US,2022-08-05 04:01:47,45.5234,-122.6762,70.45,61,0,4.61
254,Tuktoyaktuk,CA,2022-08-05 04:01:47,69.4541,-133.0374,60.78,63,39,5.26
255,Egvekinot,RU,2022-08-05 04:01:48,66.3167,-179.1667,41.09,85,100,7.7
256,Katherine,AU,2022-08-05 04:01:48,-14.4667,132.2667,93.52,33,40,4.61
257,Alice Springs,AU,2022-08-05 03:47:31,-23.7,133.8833,69.22,32,0,9.22
258,Matara,LK,2022-08-05 04:01:49,5.9485,80.5353,80.74,82,99,14.5
259,Corinto,GR,2022-08-05 04:00:50,37.9407,22.9573,79.9,50,0,2.37
260,Mayumba,GA,2022-08-05 04:01:50,-3.432,10.6554,69.44,91,99,7.02
261,Leningradskiy,RU,2022-08-05 04:01:51,69.3833,178.4167,39.45,86,99,11.54
262,Ghedi,IT,2022-08-05 04:01:51,45.4011,10.2793,79.07,57,0,4.61
263,Urusha,RU,2022-08-05 04:01:52,54.05,122.9,63.57,99,100,5.3
264,Kiruna,SE,2022-08-05 04:01:53,67.8557,20.2251,49.12,87,40,1.14
265,Lata,PT,2022-08-05 04:01:53,40.1629,-8.3327,59.77,96,34,0.98
266,La Palma,US,2022-08-05 04:01:54,33.8464,-118.0467,82.33,79,0,6.91
267,Gimli,CA,2022-08-05 04:01:54,50.6336,-96.9907,67.82,73,14,15.48
268,Vanimo,PG,2022-08-05 04:01:55,-2.6741,141.3028,81.9,76,100,8.43
269,Vestmanna,FO,2022-08-05 04:01:55,62.1564,-7.1664,45.52,93,100,8.05
270,Saratoga Springs,US,2022-08-05 04:01:56,43.0831,-73.7846,73.36,93,95,4.27
271,Batagay-Alyta,RU,2022-08-05 04:01:56,67.8006,130.4114,52.2,63,100,4.88
272,Touros,BR,2022-08-05 04:01:57,-5.1989,-35.4608,72.61,91,12,10.54
273,Cortes,ES,2022-08-05 04:01:57,41.9395,-1.4396,71.65,80,4,10.63
274,Rio Brilhante,BR,2022-08-05 04:01:58,-21.8019,-54.5464,70.14,71,59,8.59
275,Yar-Sale,RU,2022-08-05 04:01:58,66.8333,70.8333,63.68,62,3,4.56
276,Lukovit,BG,2022-08-05 04:01:59,43.2,24.1667,68.13,49,0,4.03
277,Aksarka,RU,2022-08-05 04:02:59,66.5606,67.7975,68.45,52,18,6.6
278,Viraganur,IN,2022-08-05 04:03:00,11.4833,78.7333,75.74,85,100,8.97
279,Emerald,AU,2022-08-05 04:03:00,-23.5333,148.1667,84.34,48,0,11.54
280,Rio Grande,BR,2022-08-05 04:03:01,-32.035,-52.0986,52.54,93,100,21.59
281,Kenora,CA,2022-08-05 04:00:15,49.8167,-94.4337,68.77,68,28,8.01
282,Buctzotz,MX,2022-08-05 04:03:02,21.2,-88.7833,76.14,81,92,5.06
283,Poronaysk,RU,2022-08-05 04:03:02,49.2167,143.1167,57.15,96,100,11.9
284,Kabin Buri,TH,2022-08-05 04:03:03,13.9511,101.7177,80.82,83,100,6.6
285,Hare Bay,CA,2022-08-05 04:03:04,48.8499,-54.0148,69.19,95,55,5.75
286,Gobabis,NA,2022-08-05 04:03:04,-22.45,18.9667,49.32,26,0,9.8
287,Grand Gaube,MU,2022-08-05 04:03:04,-20.0064,57.6608,66.38,77,63,3.0
288,Kuala Terengganu,MY,2022-08-05 04:03:05,5.3302,103.1408,82.04,73,92,2.57
289,Namatanai,PG,2022-08-05 03:53:15,-3.6667,152.4333,83.53,68,100,5.91
290,Esperance,AU,2022-08-05 04:03:05,-33.8667,121.9,56.5,69,91,17.47
291,Springdale,US,2022-08-05 04:01:00,36.1867,-94.1288,78.93,86,0,3.44
292,Margate,GB,2022-08-05 04:03:06,51.3813,1.3862,63.3,85,65,1.99
293,Srednekolymsk,RU,2022-08-05 04:03:06,67.45,153.6833,59.45,38,49,5.77
294,Maldonado,UY,2022-08-05 04:03:07,-34.6667,-54.9167,48.22,76,100,10.94
295,Timra,SE,2022-08-05 04:03:07,62.487,17.3257,60.67,100,100,2.3
296,Vredendal,ZA,2022-08-05 04:03:08,-31.6683,18.5012,45.9,86,9,3.04
297,Kalabo,ZM,2022-08-05 04:03:08,-14.97,22.6814,55.0,52,0,5.37
298,Bail Hongal,IN,2022-08-05 04:03:08,15.8167,74.8667,72.64,85,100,9.4
299,Bonnyville,CA,2022-08-05 04:03:09,54.2668,-110.735,53.98,97,76,6.44
300,Tall Kayf,TR,2022-08-05 04:03:09,37.0833,41.0667,80.94,26,3,1.7
301,Mabaruma,GY,2022-08-05 04:03:10,8.2,-59.7833,72.55,98,94,1.03
302,Asfi,MA,2022-08-05 04:03:10,32.2994,-9.2372,68.16,93,6,13.65
303,Sovetskoye,RU,2022-08-05 04:03:10,52.2861,85.4131,68.05,44,1,9.28
304,Atocha,BO,2022-08-05 04:03:11,-20.9333,-66.2333,36.23,14,0,4.36
305,East London,ZA,2022-08-05 04:03:11,-33.0153,27.9116,61.99,78,100,0.65
306,Mali,GN,2022-08-05 04:03:12,12.079,-12.2982,58.15,95,100,2.91
307,Kenai,US,2022-08-05 04:03:12,60.5544,-151.2583,63.03,82,100,8.05
308,Igarka,RU,2022-08-05 04:03:13,67.4667,86.5833,65.97,51,96,9.19
309,Kamenka,RU,2022-08-05 04:03:13,51.3223,42.7678,73.45,54,98,8.57
310,Zhaotong,CN,2022-08-05 04:03:13,27.3167,103.7167,74.89,68,40,3.27
311,Goma,CD,2022-08-05 04:03:14,-1.6792,29.2228,64.65,74,86,0.89
312,Vostok,RU,2022-08-05 04:03:14,46.4856,135.8833,81.64,53,100,5.19
313,Pangnirtung,CA,2022-08-05 04:03:15,66.1451,-65.7125,41.83,92,100,2.91
314,Gavle,SE,2022-08-05 04:03:15,60.6745,17.1417,64.92,91,98,1.99
315,Areosa,PT,2022-08-05 04:03:15,41.7178,-8.8571,63.1,94,15,4.88
316,Itarema,BR,2022-08-05 04:03:16,-2.9248,-39.9167,74.77,89,3,10.25
317,Urumqi,CN,2022-08-05 04:03:16,43.801,87.6005,77.95,41,0,6.71
318,Biu,NG,2022-08-05 04:03:16,10.6129,12.1946,68.65,85,79,7.78
319,Visnes,NO,2022-08-05 04:03:17,59.3556,5.2242,52.83,81,40,4.61
320,Mobaye,CF,2022-08-05 04:03:18,4.319,21.1786,70.23,97,100,1.99
321,Ucluelet,CA,2022-08-05 04:03:18,48.9329,-125.5528,59.09,84,12,7.11
322,Ust-Koksa,RU,2022-08-05 04:04:19,50.2696,85.6108,66.61,63,100,2.84
323,Severo-Kurilsk,RU,2022-08-05 04:04:19,50.6789,156.125,57.38,82,14,7.4
324,Beidao,CN,2022-08-05 04:04:20,34.5686,105.8933,91.11,43,22,10.18
325,Alto Araguaia,BR,2022-08-05 04:04:20,-17.3147,-53.2153,66.51,41,18,3.04
326,Vila Velha,BR,2022-08-05 04:04:20,-20.3297,-40.2925,71.55,84,0,11.5
327,Skelleftea,SE,2022-08-05 04:04:21,64.7507,20.9528,61.0,100,100,2.3
328,Nioro,GM,2022-08-05 04:04:21,13.35,-15.75,75.36,94,100,3.56
329,Eureka,US,2022-08-05 04:00:15,40.8021,-124.1637,60.93,85,5,0.74
330,Bambanglipuro,ID,2022-08-05 04:04:22,-7.95,110.2833,82.4,63,9,10.71
331,Linhai,CN,2022-08-05 04:04:22,28.85,121.1167,98.92,37,23,1.28
332,Kosh-Agach,RU,2022-08-05 04:04:22,50.0,88.6667,61.32,52,98,3.87
333,Kieta,PG,2022-08-05 04:00:26,-6.2167,155.6333,83.52,72,87,5.79
334,Huarmey,PE,2022-08-05 04:04:23,-10.0681,-78.1522,61.7,86,66,8.52
335,Andros,GR,2022-08-05 04:04:24,37.8333,24.9333,75.76,70,0,15.01
336,Mount Isa,AU,2022-08-05 04:04:24,-20.7333,139.5,92.97,27,75,12.66
337,Sungairaya,ID,2022-08-05 04:04:25,0.7,108.9,75.56,94,100,8.99
338,Shiyan,CN,2022-08-05 04:04:25,32.6475,110.7781,98.76,45,0,3.04
339,Punta De Bombon,PE,2022-08-05 04:04:25,-17.1717,-71.7931,59.45,82,63,5.19
340,Lypnyazhka,UA,2022-08-05 04:04:26,48.4469,31.0761,64.67,86,9,4.85
341,Mhlambanyatsi,SZ,2022-08-05 04:04:27,-26.45,31.0167,47.39,70,2,3.65
342,Wexford,IE,2022-08-05 04:03:40,52.3342,-6.4575,49.12,90,4,7.56
343,Campo Verde,BR,2022-08-05 04:04:27,-20.4167,-54.0667,70.61,39,1,4.05
344,Sao Filipe,CV,2022-08-05 04:04:28,14.8961,-24.4956,76.14,83,74,5.53
345,Poum,NC,2022-08-05 04:04:28,-20.2333,164.0167,75.87,79,15,6.4
346,Chokurdakh,RU,2022-08-05 04:04:29,70.6333,147.9167,55.27,47,100,17.54
347,Fairbanks,US,2022-08-05 04:00:06,64.8378,-147.7164,66.22,83,75,12.66
348,Pokrovsk,UA,2022-08-05 04:04:30,48.282,37.1758,69.8,79,49,9.08
349,Outjo,NA,2022-08-05 04:01:24,-20.1167,16.15,54.23,22,0,5.57
350,Dukat,RU,2022-08-05 04:04:31,62.55,155.55,55.27,89,100,4.5
351,Faanui,PF,2022-08-05 04:01:21,-16.4833,-151.75,77.72,77,18,23.17
352,Masallatah,LY,2022-08-05 04:04:31,32.6167,14.0,74.88,73,55,7.31
353,Neepawa,CA,2022-08-05 04:02:39,50.2289,-99.4664,69.17,68,49,6.91
354,Ulladulla,AU,2022-08-05 04:04:32,-35.35,150.4667,70.7,46,0,6.98
355,Flin Flon,CA,2022-08-05 04:04:32,54.7682,-101.865,56.08,79,99,13.67
356,Newport,GB,2022-08-05 04:00:02,51.5877,-2.9984,56.01,80,53,7.05
357,Paamiut,GL,2022-08-05 04:04:33,61.994,-49.6678,46.18,84,100,18.03
358,Gasa,PS,2022-08-05 04:03:19,31.5,34.4667,76.87,77,14,5.06
359,Ponta Do Sol,PT,2022-08-05 04:04:33,32.6667,-17.1,70.43,76,17,7.47
360,Ormond Beach,US,2022-08-05 04:04:34,29.2858,-81.0559,81.09,89,0,0.0
361,Nador,MA,2022-08-05 04:00:45,35.174,-2.9287,77.25,88,0,4.61
362,Sao Felix Do Xingu,BR,2022-08-05 04:04:35,-6.6447,-51.995,79.47,50,94,1.41
363,Bafq,IR,2022-08-05 04:04:35,31.6128,55.4107,90.28,16,0,3.51
364,Katsuura,JP,2022-08-05 04:04:36,35.1333,140.3,78.82,83,100,13.6
365,Fonte Boa,BR,2022-08-05 04:04:37,-2.4959,-66.2662,72.34,98,49,2.35
366,Gat,IL,2022-08-05 04:04:37,31.61,34.7642,79.48,100,6,3.24
367,Northam,GB,2022-08-05 04:04:38,51.0333,-4.2167,59.61,77,29,10.33
368,Tarbagatay,RU,2022-08-05 04:04:38,51.4803,107.3602,65.73,76,95,4.72
369,Lingyuan,CN,2022-08-05 04:05:39,41.24,119.4011,92.77,38,0,7.92
370,Anito,PH,2022-08-05 04:05:39,12.4497,125.2886,79.47,88,100,3.94
371,Petropavlovsk-Kamchatskiy,RU,2022-08-05 04:05:40,53.0452,158.6483,73.99,53,0,8.95
372,Tilichiki,RU,2022-08-05 04:05:41,60.4667,166.1,55.22,84,100,12.28
373,Okhotsk,RU,2022-08-05 04:05:41,59.3833,143.3,61.05,83,100,8.63
374,Benjamin Constant,BR,2022-08-05 04:05:41,-4.3831,-70.0311,73.53,99,98,1.41
375,Farafangana,MG,2022-08-05 04:05:42,-22.8167,47.8333,65.25,85,76,6.53
376,Opuwo,NA,2022-08-05 04:05:42,-18.0607,13.84,59.16,24,0,5.14
377,Kavaratti,IN,2022-08-05 04:05:43,10.5669,72.642,79.97,84,100,24.74
378,San Patricio,US,2022-08-05 04:05:44,28.017,-97.5169,85.89,74,3,14.23
379,Nizhniy Tsasuchey,RU,2022-08-05 04:05:45,50.5167,115.1333,78.35,36,47,12.53
380,Lasa,IT,2022-08-05 04:05:45,46.6166,10.7002,64.36,88,10,1.72
381,Orlik,RU,2022-08-05 04:05:46,52.5178,99.825,60.82,37,9,11.36
382,Balaguer,ES,2022-08-05 04:05:46,41.7912,0.8109,76.68,66,24,1.68
383,Beyneu,KZ,2022-08-05 04:05:47,45.3167,55.2,85.44,32,9,8.75
384,Chik,RU,2022-08-05 04:05:47,54.9928,82.4311,69.55,49,0,4.47
385,Saint-Augustin,CA,2022-08-05 04:05:48,51.226,-58.6502,61.59,94,38,6.33
386,Kloulklubed,PW,2022-08-05 04:05:49,7.0419,134.2556,79.3,72,89,6.55
387,Kizukuri,JP,2022-08-05 04:05:49,40.8061,140.3861,77.11,69,48,9.1
388,Port-Cartier,CA,2022-08-05 04:00:56,50.0334,-66.8654,61.02,96,20,4.68
389,Gidam,IN,2022-08-05 04:05:50,18.9833,81.4,84.11,69,88,1.68
390,Lisakovsk,KZ,2022-08-05 04:05:50,52.5369,62.4936,71.58,52,16,11.21
391,Khrebtovaya,RU,2022-08-05 04:05:51,56.7032,104.2494,54.68,85,79,10.18
392,Akyab,MM,2022-08-05 04:05:52,20.15,92.9,83.23,81,99,16.26
393,Walvis Bay,NA,2022-08-05 04:05:52,-22.9575,14.5053,52.09,89,6,3.76
394,Hasaki,JP,2022-08-05 04:05:53,35.7333,140.8333,82.29,74,100,16.73
395,Morehead,US,2022-08-05 04:05:54,37.2711,-87.1764,74.95,97,100,3.44
396,Morro Bay,US,2022-08-05 04:01:17,35.3658,-120.8499,67.21,87,100,1.99
397,Gravdal,NO,2022-08-05 04:05:55,68.1214,13.5031,48.9,88,100,14.29
398,Lamu,KE,2022-08-05 04:05:55,-2.2717,40.902,73.62,74,0,15.52
399,Altay,CN,2022-08-05 04:05:55,47.8667,88.1167,79.29,34,49,10.63
400,Marzuq,YE,2022-08-05 04:05:56,14.4,46.4667,77.09,62,100,4.41
401,Amapa,BR,2022-08-05 04:05:56,1.0,-52.0,70.14,99,9,2.3
402,Bac Lieu,VN,2022-08-05 04:05:56,9.285,105.7244,85.89,68,100,14.16
403,Prince Rupert,CA,2022-08-05 04:05:57,54.3161,-130.3201,56.59,91,26,2.68
404,Zyryanka,RU,2022-08-05 04:05:57,65.75,150.85,51.84,70,100,5.1
405,Traverse City,US,2022-08-05 04:05:57,44.7631,-85.6206,68.2,87,0,0.0
406,Carupano,VE,2022-08-05 04:05:58,10.6678,-63.2585,74.64,91,100,4.76
407,Japura,ID,2022-08-05 04:05:58,-0.3167,102.35,74.62,97,100,4.07
408,Nakhon Sawan,TH,2022-08-05 04:05:25,15.7,100.0833,84.47,65,100,4.18
409,Ossora,RU,2022-08-05 04:05:59,59.2353,163.0719,64.24,71,61,5.66
410,Ishigaki,JP,2022-08-05 04:05:59,24.3448,124.1572,85.77,70,86,6.35
411,Langxiang,CN,2022-08-05 04:05:59,46.95,128.8833,72.72,96,100,5.55
412,Sur,OM,2022-08-05 04:06:00,22.5667,59.5289,86.85,63,48,8.08
413,Sheridan,US,2022-08-05 04:03:04,44.8333,-106.9173,88.18,30,0,14.97
414,Maryborough,AU,2022-08-05 04:05:27,-25.5333,152.7,75.52,62,28,9.04
415,Deputatskiy,RU,2022-08-05 04:06:00,69.3,139.9,55.53,43,67,3.22
416,Antigonish,CA,2022-08-05 04:01:54,45.6169,-61.9986,71.82,89,38,3.0
417,Comodoro Rivadavia,AR,2022-08-05 04:07:01,-45.8667,-67.5,44.46,61,75,12.66
418,Tecoanapa,MX,2022-08-05 04:07:01,16.5167,-98.75,79.5,81,35,1.7
419,Kimberley,ZA,2022-08-05 04:07:02,-28.7323,24.7623,49.39,56,0,2.84
420,Candido Mendes,BR,2022-08-05 04:07:02,-1.4467,-45.7167,72.91,97,72,4.07
421,Chivay,PE,2022-08-05 04:07:03,-15.6383,-71.6011,44.51,46,82,1.7
422,Chake Chake,TZ,2022-08-05 04:07:04,-5.2459,39.7666,72.61,78,21,8.03
423,Mocuba,MZ,2022-08-05 04:07:05,-16.8392,36.9856,61.39,97,0,2.98
424,Cerritos,US,2022-08-05 04:07:05,33.8583,-118.0648,81.88,80,0,6.91
425,Srivardhan,IN,2022-08-05 04:07:06,18.0333,73.0167,79.9,85,100,4.54
426,Beringovskiy,RU,2022-08-05 04:07:06,63.05,179.3167,53.35,88,100,6.04
427,Nanakuli,US,2022-08-05 04:07:07,21.3906,-158.1547,82.35,61,75,3.44
428,Port Hardy,CA,2022-08-05 04:07:07,50.6996,-127.4199,55.85,87,7,9.42
429,Piacabucu,BR,2022-08-05 04:07:08,-10.4056,-36.4344,72.54,79,10,8.01
430,Sioux Lookout,CA,2022-08-05 04:07:09,50.1001,-91.917,60.06,67,34,6.11
431,Mananara,MG,2022-08-05 04:07:09,-16.1667,49.7667,65.8,92,69,3.83
432,Chihuahua,MX,2022-08-05 04:05:34,28.5,-106.0,76.05,48,82,10.4
433,Serebryanyy Bor,RU,2022-08-05 04:07:11,56.8,124.8,61.52,97,100,6.46
434,Makat,KZ,2022-08-05 04:07:11,47.6469,53.3463,83.25,30,0,9.84
435,Maragogi,BR,2022-08-05 04:02:56,-9.0122,-35.2225,73.89,87,91,9.24
436,Lorengau,PG,2022-08-05 04:07:12,-2.0226,147.2712,85.19,68,68,9.53
437,Zhicheng,CN,2022-08-05 04:07:12,30.2956,111.5047,93.33,57,9,9.64
438,Kruisfontein,ZA,2022-08-05 04:07:13,-34.0033,24.7314,48.83,86,59,1.99
439,San Clemente,US,2022-08-05 04:07:02,33.427,-117.612,79.25,88,100,5.99
440,Jalu,LY,2022-08-05 04:07:13,29.0331,21.5482,76.75,43,0,8.39
441,Bilibino,RU,2022-08-05 04:07:14,68.0546,166.4372,47.05,71,99,18.63
442,Boa Vista,BR,2022-08-05 04:07:14,2.8197,-60.6733,78.78,83,0,2.3
443,Murray Bridge,AU,2022-08-05 04:07:14,-35.1167,139.2667,58.12,76,80,15.17
444,Doka,SD,2022-08-05 04:07:15,13.5167,35.7667,69.21,94,100,3.85
445,Kentau,KZ,2022-08-05 04:07:15,43.5206,68.5094,81.72,33,32,2.75
446,Kuala Lipis,MY,2022-08-05 04:07:15,4.1842,102.0468,90.05,51,82,0.83
447,Malazgirt,TR,2022-08-05 04:07:16,39.1427,42.5401,73.71,37,0,2.28
448,Olafsvik,IS,2022-08-05 04:07:16,64.8945,-23.7142,48.97,69,100,5.77
449,Mbanza-Ngungu,CD,2022-08-05 04:07:17,-5.25,14.8667,64.56,82,5,6.6
450,Ribas Do Rio Pardo,BR,2022-08-05 04:07:17,-20.4431,-53.7592,70.9,38,2,3.47
451,Anshun,CN,2022-08-05 04:07:17,26.25,105.9333,78.93,67,9,9.55
452,Wuchi,CN,2022-08-05 04:07:18,29.3786,103.023,72.59,80,49,3.33
453,Clearlake,US,2022-08-05 04:07:18,38.9582,-122.6264,68.81,38,29,5.3
454,Xichang,CN,2022-08-05 04:04:26,27.8964,102.2634,79.77,69,40,1.43
455,Ginir,ET,2022-08-05 04:07:19,7.1333,40.7,57.42,77,84,9.04
456,Bontang,ID,2022-08-05 04:07:19,0.1333,117.5,81.07,81,100,8.32
457,Ancud,CL,2022-08-05 04:07:19,-41.8697,-73.8203,38.53,88,58,4.38
458,Kahului,US,2022-08-05 04:03:37,20.8947,-156.47,82.42,73,40,14.97
459,Vao,NC,2022-08-05 04:07:20,-22.6667,167.4833,72.16,78,18,10.94
460,Dingle,PH,2022-08-05 04:07:20,10.9995,122.6711,78.73,87,100,2.24
461,Littleton,US,2022-08-05 04:07:21,39.6133,-105.0166,83.37,43,75,10.36
462,Jawhar,SO,2022-08-05 04:07:21,2.7809,45.5005,73.49,76,7,12.68
463,Lannion,FR,2022-08-05 04:08:21,48.75,-3.4167,60.01,79,1,1.99
464,Mirabad,AF,2022-08-05 04:08:23,30.4362,61.8383,89.6,16,0,19.53
465,Kayerkan,RU,2022-08-05 04:08:23,69.3497,87.7602,69.53,49,98,12.08
466,Ribeira Grande,PT,2022-08-05 04:08:24,38.5167,-28.7,74.98,87,11,4.41
467,Tomatlan,MX,2022-08-05 04:08:24,19.9333,-105.25,79.18,87,100,1.97
468,Marovoay,MG,2022-08-05 04:08:24,-16.1,46.6333,64.27,70,0,4.63
469,Esquipulas,GT,2022-08-05 04:08:25,14.5667,-89.35,64.04,96,98,3.89
470,Bouca,CF,2022-08-05 04:08:25,6.5105,18.2733,68.07,98,100,1.88
471,Vardo,NO,2022-08-05 04:08:26,70.3705,31.1107,53.58,94,40,2.3
472,Bubaque,GW,2022-08-05 04:08:26,11.2833,-15.8333,78.13,86,100,11.07
473,Malanje,AO,2022-08-05 04:08:26,-9.5402,16.341,67.17,60,61,1.1
474,Zemio,CF,2022-08-05 04:08:27,5.0314,25.1361,68.36,99,100,2.91
475,Hokitika,NZ,2022-08-05 04:08:27,-42.7167,170.9667,54.68,87,100,13.49
476,Kendari,ID,2022-08-05 04:08:27,-3.945,122.4989,87.17,56,24,3.13
477,Bourg-En-Bresse,FR,2022-08-05 04:08:28,46.1667,5.1667,78.62,47,35,4.38
478,Christchurch,NZ,2022-08-05 04:05:37,-43.5333,172.6333,62.33,51,100,27.63
479,Ambon,ID,2022-08-05 04:08:28,-3.6954,128.1814,77.14,94,75,6.91
480,Riyadh,SA,2022-08-05 04:06:35,24.6877,46.7219,95.14,33,36,7.99
481,Barrancas,CO,2022-08-05 04:08:29,10.9576,-72.7877,74.35,93,13,2.33
482,Kumta,IN,2022-08-05 04:08:29,14.4167,74.4,78.21,91,100,10.04
483,Nantucket,US,2022-08-05 04:07:31,41.2835,-70.0995,78.94,98,100,8.05
484,Huanren,CN,2022-08-05 04:08:30,41.2647,125.3667,82.63,75,100,7.63
485,Ahipara,NZ,2022-08-05 04:08:30,-35.1667,173.1667,60.64,65,34,2.04
486,Mormugao,IN,2022-08-05 04:08:30,15.4,73.8,78.98,85,100,11.61
487,Nome,US,2022-08-05 04:06:03,64.5011,-165.4064,53.67,83,100,9.22
488,Geelong,AU,2022-08-05 04:07:24,-38.1471,144.3607,59.31,63,75,16.11
489,Omsukchan,RU,2022-08-05 04:08:31,62.5333,155.8,56.53,88,100,5.79
490,Sao Luiz Gonzaga,BR,2022-08-05 04:04:24,-28.4083,-54.9608,52.65,89,100,6.58
491,Mehamn,NO,2022-08-05 04:08:31,71.0357,27.8492,57.15,77,0,4.61
492,Tupiza,BO,2022-08-05 04:08:32,-21.45,-65.7167,41.5,11,0,4.68
493,Necochea,AR,2022-08-05 04:08:32,-38.5473,-58.7368,43.43,85,31,8.16
494,Una,IN,2022-08-05 04:06:42,20.8167,71.0333,79.41,87,100,6.06
495,Tambacounda,SN,2022-08-05 04:08:32,13.7539,-13.7586,74.53,92,79,5.01
496,Mitsamiouli,KM,2022-08-05 04:08:33,-11.3847,43.2844,73.53,76,5,6.15
497,Pavilosta,LV,2022-08-05 04:08:33,56.8879,21.1859,67.91,68,57,11.99
498,Andenes,NO,2022-08-05 04:08:33,69.3143,16.1194,53.92,87,75,12.66
499,Mnogovershinnyy,RU,2022-08-05 04:08:34,53.9353,139.9242,64.36,80,100,3.47
500,Guymon,US,2022-08-05 04:08:34,36.6828,-101.4816,78.8,61,0,6.91
501,Praia Da Vitoria,PT,2022-08-05 04:08:35,38.7333,-27.0667,74.75,95,3,2.51
502,Yatsushiro,JP,2022-08-05 04:08:35,32.5,130.6,84.6,62,43,7.85
503,Atbasar,KZ,2022-08-05 04:08:35,51.8,68.3333,70.79,45,3,13.89
504,Tazovskiy,RU,2022-08-05 04:08:36,67.4667,78.7,55.85,82,99,12.1
505,Inuvik,CA,2022-08-05 04:08:36,68.3499,-133.7218,70.52,47,88,6.26
506,Carndonagh,IE,2022-08-05 04:08:37,55.25,-7.2667,49.62,91,69,7.72
507,Shache,CN,2022-08-05 04:08:37,38.4167,77.2406,78.33,46,100,4.0
508,Buala,SB,2022-08-05 04:08:37,-8.145,159.5921,85.82,58,14,6.69
509,Huicungo,PE,2022-08-05 04:08:38,-7.2833,-76.8,70.2,96,70,2.04
510,Hualmay,PE,2022-08-05 04:09:38,-11.0964,-77.6139,61.5,83,83,7.63
511,Estelle,US,2022-08-05 04:09:39,29.8458,-90.1067,81.0,80,100,5.55
512,Rawson,AR,2022-08-05 04:09:39,-43.3002,-65.1023,41.11,62,2,19.77
513,Vestmannaeyjar,IS,2022-08-05 04:09:40,63.4427,-20.2734,48.97,75,55,11.41
514,Muyezerskiy,RU,2022-08-05 04:09:40,63.9333,31.65,62.17,83,94,7.14
515,Kondinskoye,RU,2022-08-05 04:09:41,59.6481,67.41,72.72,54,17,7.92
516,Asyut,EG,2022-08-05 04:09:41,27.181,31.1837,82.17,42,25,8.86
517,Ca Mau,VN,2022-08-05 04:09:42,9.1769,105.15,87.55,60,100,12.41
518,Half Moon Bay,US,2022-08-05 04:09:43,37.4636,-122.4286,70.05,82,100,8.05
519,Palu,ID,2022-08-05 04:09:43,-0.8917,119.8707,88.18,64,55,3.24
520,Anadyr,RU,2022-08-05 04:09:44,64.75,177.4833,55.9,100,100,17.9
521,Suntar,RU,2022-08-05 04:09:44,62.1444,117.6319,50.11,97,100,7.27
522,Atambua,ID,2022-08-05 04:09:44,-9.1061,124.8925,82.11,57,60,3.51
523,Rosetta,EG,2022-08-05 04:09:45,31.4044,30.4164,77.5,75,0,10.63
524,Awbari,LY,2022-08-05 04:09:45,26.5921,12.7805,85.73,20,3,8.55
525,Tucupita,VE,2022-08-05 04:09:45,9.0622,-62.051,72.07,99,100,2.04
526,Clarence Town,AU,2022-08-05 04:09:46,-32.5833,151.7833,70.86,63,99,7.87
527,Miracema Do Tocantins,BR,2022-08-05 04:09:46,-9.5618,-48.3967,83.28,36,100,3.24
528,Moctezuma,MX,2022-08-05 04:09:47,29.8,-109.6667,83.05,54,72,2.01
529,Kismayo,SO,2022-08-05 04:09:47,-0.3582,42.5454,75.63,71,30,15.3
530,Celestun,MX,2022-08-05 04:09:48,20.8667,-90.4,76.44,88,64,8.43
531,Darhan,MN,2022-08-05 04:09:48,49.4867,105.9228,72.28,62,27,6.62
532,Wattegama,LK,2022-08-05 04:09:48,6.7989,81.4808,85.51,54,99,9.78
533,Severnyy,RU,2022-08-05 04:09:49,50.677,36.5532,64.44,88,20,6.71
534,Tonstad,NO,2022-08-05 04:09:49,58.6626,6.7169,47.59,96,17,3.74
535,Campoverde,PE,2022-08-05 04:09:49,-8.4753,-74.8058,73.13,96,97,1.25
536,Wuning,CN,2022-08-05 04:09:50,29.2589,120.2311,96.75,48,4,5.93
537,Bud,US,2022-08-05 04:09:50,39.447,-86.1758,73.92,96,58,4.16
538,Rock Sound,BS,2022-08-05 04:09:51,24.9,-76.2,82.8,73,3,14.18
539,Sao Miguel,BR,2022-08-05 04:05:01,-5.4667,-35.3667,72.37,91,12,10.38
540,Nhulunbuy,AU,2022-08-05 04:09:52,-12.2333,136.7667,84.81,65,75,14.97
541,Caluquembe,AO,2022-08-05 04:09:52,-13.7833,14.6833,56.98,42,2,1.88
542,Oliva,ES,2022-08-05 04:09:52,38.9197,-0.1194,79.65,79,1,1.01
543,Cayenne,GF,2022-08-05 04:09:53,4.9333,-52.3333,81.09,1,0,0.0
544,Ostrovnoy,RU,2022-08-05 04:09:53,68.0531,39.5131,60.57,89,91,15.59
545,Gari,RU,2022-08-05 04:09:53,59.4307,62.3497,71.15,56,52,3.49
546,Holly Springs,US,2022-08-05 04:09:54,35.6513,-78.8336,82.42,78,92,1.99
547,Abu Samrah,SY,2022-08-05 04:09:54,35.3029,37.1841,82.47,35,7,7.11
548,Turayf,SA,2022-08-05 04:09:55,31.6725,38.6637,93.56,27,12,10.96
549,Solnechnyy,RU,2022-08-05 04:09:55,50.7214,136.6319,73.44,66,100,5.01
550,Rio Gallegos,AR,2022-08-05 04:09:56,-51.6226,-69.2181,35.96,91,95,12.28
551,Rabat,MA,2022-08-05 04:05:59,33.9911,-6.8401,71.67,83,75,3.44
552,Jaru,BR,2022-08-05 04:09:56,-10.4389,-62.4664,79.45,54,100,2.53
553,Sistranda,NO,2022-08-05 04:09:56,63.7256,8.834,49.96,73,90,18.16
554,Termiz,UZ,2022-08-05 04:10:57,37.2242,67.2783,91.4,15,39,16.37
555,Road Town,VG,2022-08-05 04:07:04,18.4167,-64.6167,80.69,76,97,24.14
556,Dalby,AU,2022-08-05 04:10:58,-27.1833,151.2667,74.16,59,56,15.37
557,Teya,RU,2022-08-05 04:10:58,60.3778,92.6267,46.11,94,100,4.76
558,Ambilobe,MG,2022-08-05 04:10:58,-13.2,49.05,63.52,68,50,4.16
559,Richmond,US,2022-08-05 04:06:02,37.5538,-77.4603,79.29,84,100,4.61
560,Grindavik,IS,2022-08-05 04:10:59,63.8424,-22.4338,45.07,100,0,3.44
561,Voznesenskoye,RU,2022-08-05 04:10:59,54.89,42.7569,69.84,69,25,6.58
562,Cam Ranh,VN,2022-08-05 04:10:59,11.9214,109.1591,89.56,66,20,8.05
563,Boguchany,RU,2022-08-05 04:11:00,58.3814,97.4531,54.84,93,100,4.63
564,Muncar,ID,2022-08-05 04:11:00,-8.4333,114.3333,83.66,61,17,6.38
565,Vangaindrano,MG,2022-08-05 04:11:01,-23.35,47.6,63.48,89,42,4.7
566,Daultala,PK,2022-08-05 04:11:01,33.1925,73.1413,83.62,62,34,11.01
567,Hervey Bay,AU,2022-08-05 04:11:01,-25.2986,152.8535,68.92,80,37,13.89
568,Taoudenni,ML,2022-08-05 04:11:02,22.6783,-3.9836,95.92,24,4,5.32
569,Tacuati,PY,2022-08-05 04:11:02,-23.45,-56.5833,60.49,93,83,5.82
570,Polonnaruwa,LK,2022-08-05 04:11:03,7.9333,81.0,85.46,58,99,18.45
571,Itoman,JP,2022-08-05 04:11:03,26.1247,127.6694,87.82,74,75,6.91
572,Khani,GE,2022-08-05 04:11:04,41.9563,42.9566,67.57,86,24,1.01
573,Kunda,IN,2022-08-05 04:11:05,25.7167,81.5167,92.26,53,38,7.47
574,Kangaatsiaq,GL,2022-08-05 04:11:05,68.3065,-53.4641,42.85,93,100,12.5
575,Wahiawa,US,2022-08-05 04:11:06,21.5028,-158.0236,79.12,71,95,1.88
576,Grand Forks,US,2022-08-05 04:11:06,47.9417,-97.4337,73.33,78,0,14.97
577,Gulu,UG,2022-08-05 04:11:06,2.7746,32.299,64.11,84,74,2.77
578,La Plata,AR,2022-08-05 04:11:07,-34.9215,-57.9545,45.95,62,26,4.74
579,Kirksville,US,2022-08-05 04:10:39,40.1948,-92.5833,72.82,96,0,3.44
580,Salinas,US,2022-08-05 04:07:35,36.6777,-121.6555,66.99,76,40,9.22
581,Fare,PF,2022-08-05 04:11:08,-16.7,-151.0167,77.79,76,12,24.9
